<?xml version="1.0" encoding="UTF-8"?>
<!-- ===========================================================================
Perfil Basico de Metadatos CCIDEP basado en Norma Tecnica Peruana ISO 19115:2010
Autor: CCIDEP
Email: ccidep@pcm.gob.pe
Fecha: Junio 2018
VERSION: 2.2
============================================================================ -->
<gmd:MD_Metadata xmlns:gmd="http://www.isotc211.org/2005/gmd"
				xmlns:xsi="http://www.w3.org/2001/XMLSchema-instance"
				xmlns:gml="http://www.opengis.net/gml"
				xmlns:gts="http://www.isotc211.org/2005/gts"
				xmlns:gco="http://www.isotc211.org/2005/gco"					
				xmlns:xlink="http://www.w3.org/1999/xlink"					
				xmlns:srv="http://www.isotc211.org/2005/srv" 
				xmlns:gsr="http://www.isotc211.org/2005/gsr" 
				xmlns:gss="http://www.isotc211.org/2005/gss" 
				xmlns:gmx="http://www.isotc211.org/2005/gmx"
				xmlns:gmi="http://www.isotc211.org/2005/gmi"
				xmlns:geonet="http://www.fao.org/geonetwork">									 
   <!--ELEMENTO 1: IDENTIFICADOR DEL FICHERO (MO)-->
   <gmd:fileIdentifier> 
      <gco:CharacterString>24d7c592-d9bd-4e43-9f02-34440f25a097</gco:CharacterString>
   </gmd:fileIdentifier>
   <!--ELEMENTO 2: IDIOMA (MC)-->
   <gmd:language>
      <gmd:LanguageCode codeList="http://www.loc.gov/standards/iso639-2/" codeListValue="spa"/>
   </gmd:language>
   <!--ELEMENTO 3: CONJUNTO DE CARACTERES (MO)-->
   <gmd:characterSet>
   	<gmd:MD_CharacterSetCode codeListValue="utf8" codeList="http://standards.iso.org/ittf/PubliclyAvailableStandards/ISO_19139_Schemas/resources/codelist/ML_gmxCodelists.xml#MD_CharacterSetCode"/>
   </gmd:characterSet>
   <!--DATOS DE CONTACTO (MM)-->     
   <gmd:contact>
      <gmd:CI_ResponsibleParty>
		<!--ELEMENTO 7: NOMBRE INDIVIDUAL (MMC)-->
        <gmd:individualName gco:nilReason="missing">
          <gco:CharacterString>Nombre del responsable del metadato</gco:CharacterString>
        </gmd:individualName>
		<!--ELEMENTO 8: NOMBRE DE LA ORGANIZACION (MMM)-->
        <gmd:organisationName gco:nilReason="missing">
        	<gco:CharacterString>Nombre de la Organización</gco:CharacterString>
        </gmd:organisationName>
		<!--ELEMENTO 9: DIRECCION DE CORREO ELECTRONICO (MMO)-->		  
		 <gmd:contactInfo>
			<gmd:CI_Contact>
				<gmd:address>
					<gmd:CI_Address>
						<gmd:electronicMailAddress>
							<gco:CharacterString>info@entidad.gob.pe</gco:CharacterString>
						</gmd:electronicMailAddress>
					</gmd:CI_Address>
				</gmd:address>
			</gmd:CI_Contact>
		</gmd:contactInfo>		  			  		
		<!--ELEMENTO 10: ROL (MMM)-->  
		<gmd:role>
			<gmd:CI_RoleCode codeListValue="author" codeList="http://standards.iso.org/ittf/PubliclyAvailableStandards/ISO_19139_Schemas/resources/codelist/ML_gmxCodelists.xml#CI_RoleCode"/>
        </gmd:role>		 	                            
      </gmd:CI_ResponsibleParty>
   </gmd:contact> 	

   <!--ELEMENTO 4: FECHA DE CREACION (MM)-->       
   <gmd:dateStamp>
		<gco:Date>2000-01-01</gco:Date>
   </gmd:dateStamp>
   <!--ELEMENTO 5: NORMA DE METADATOS (MM)-->
   <gmd:metadataStandardName>
   		<gco:CharacterString>ISO 19115 Metadatos de Información Geográfica / ISO 19139 Metadatos. Especificación de Implementación</gco:CharacterString>
   </gmd:metadataStandardName>
   <!--ELEMENTO 6: VERSION DE NORMA DE METADATOS (MM)-->
   <gmd:metadataStandardVersion>
   		<gco:CharacterString>ISO 19115:2003 / ISO 19139:2007</gco:CharacterString>
   </gmd:metadataStandardVersion>	
	<!--REPRESENTACION ESPACIAL VECTORIAL-->
	<gmd:spatialRepresentationInfo>
		<gmd:MD_VectorSpatialRepresentation>
			<!--ELEMENTO 48: NIVEL DE TOPOLOGIA (CCO)-->
			<gmd:topologyLevel>
				<gmd:MD_TopologyLevelCode codeList="http://standards.iso.org/ittf/PubliclyAvailableStandards/ISO_19139_Schemas/resources/codelist/ML_gmxCodelists.xml#MD_TopologyLevelCode" codeListValue=""/>
			</gmd:topologyLevel>
			<gmd:geometricObjects>
				<gmd:MD_GeometricObjects>
					<!--ELEMENTO 49: TIPO DE OBJETO GEOMETRICO (CCM)-->
					<gmd:geometricObjectType>				
						<gmd:MD_GeometricObjectTypeCode codeList="http://standards.iso.org/ittf/PubliclyAvailableStandards/ISO_19139_Schemas/resources/codelist/ML_gmxCodelists.xml#MD_GeometricObjectTypeCode"
							codeListValue=""/>
					</gmd:geometricObjectType>
				</gmd:MD_GeometricObjects>
			</gmd:geometricObjects>
		</gmd:MD_VectorSpatialRepresentation>		
	</gmd:spatialRepresentationInfo>
	<gmd:spatialRepresentationInfo>	
		<gmd:MD_GridSpatialRepresentation id="GridSpatialRepresentation">
			<!--ELEMENTO 50: NUMERO DE DIMENSIONES (CCM)-->
			<gmd:numberOfDimensions>
				<gco:Integer>1</gco:Integer> <!--No permite vacios-->							
			</gmd:numberOfDimensions>
			<gmd:axisDimensionProperties>
				<gmd:MD_Dimension>
					<!--ELEMENTO 51: NOMBRE DE LA DIMENSION (CCM)-->
					<gmd:dimensionName>		
						<gmd:MD_DimensionNameTypeCode codeList="http://standards.iso.org/ittf/PubliclyAvailableStandards/ISO_19139_Schemas/resources/codelist/ML_gmxCodelists.xml#MD_DimensionNameTypeCode"
							codeListValue=""/>
					</gmd:dimensionName>
					<!--ELEMENTO 52: TAMAÑO DE LA DIMENSION (CCM)-->		
					<gmd:dimensionSize>
						<gco:Integer>0</gco:Integer> <!--No permite vacios-->							
					</gmd:dimensionSize>
					<!--ELEMENTO 53: RESOLUCIÒN (CCM)-->		
					<gmd:resolution>
						<gco:Length uom="meters">1</gco:Length>
					</gmd:resolution>
				</gmd:MD_Dimension>
			</gmd:axisDimensionProperties>
			<gmd:cellGeometry>
				<gmd:MD_CellGeometryCode codeList="http://www.isotc211.org/2005/resources/Codelist/gmxCodelists.xml#MD_CellGeometryCode" codeListValue=""/>
			</gmd:cellGeometry>
			<gmd:transformationParameterAvailability>
				<gco:Boolean>true</gco:Boolean>
			</gmd:transformationParameterAvailability>
		</gmd:MD_GridSpatialRepresentation>
	</gmd:spatialRepresentationInfo> 

	<!--INFORMACIÒN DEL SISTEMA DE REFERENCIA-->
	<gmd:referenceSystemInfo>
		<gmd:MD_ReferenceSystem>
			<gmd:referenceSystemIdentifier>
				<gmd:RS_Identifier>
					<!--ELEMENTO 54: CODIGO (CMM)-->
					<gmd:code>
						<gco:CharacterString>4326</gco:CharacterString>
					</gmd:code>
					<!--ELEMENTO 55: CODIGO DEL SITIO (CMO)-->
					<gmd:codeSpace gco:nilReason="missing"> 
						<gco:CharacterString>EPSG</gco:CharacterString>
					</gmd:codeSpace>
				</gmd:RS_Identifier>
			</gmd:referenceSystemIdentifier>
		</gmd:MD_ReferenceSystem>
	</gmd:referenceSystemInfo>
   
<!--INFORMACIÒN DE IDENTIFICACIÓN-->
<gmd:identificationInfo>
	<gmd:MD_DataIdentification>
		<gmd:citation>
			<gmd:CI_Citation>
				<!--ELEMENTO 11: TITULO (MMM)-->
				<gmd:title>
					<gco:CharacterString>- Reemplazar por texto adecuado - Plantilla del Perfil Basico de  Metadatos (Revisado al 12/06/18)</gco:CharacterString>
				</gmd:title>	
				<gmd:date>
	                <gmd:CI_Date>
					<!--ELEMENTO 12: FECHA (MMM)-->
	                  <gmd:date>
	                    <gco:Date>2001-01-01</gco:Date>
	                  </gmd:date>
					  <!--ELEMENTO 13: TIPO DE FECHA (MMM)-->
	                  <gmd:dateType>	                    
											<gmd:CI_DateTypeCode codeList="http://www.isotc211.org/2005/resources/Codelist/gmxCodelists.xml#CI_DateTypeCode" codeListValue="publication"/>											
	                  </gmd:dateType>
	                </gmd:CI_Date>
              	</gmd:date>		   
			    <!--ELEMENTO 14: FORMA DE PRESENTACION (MMM)-->
				<gmd:presentationForm> 					
					<gmd:CI_PresentationFormCode codeList="http://www.isotc211.org/2005/resources/Codelist/gmxCodelists.xml#CI_PresentationFormCode" codeListValue="mapDigital"/>					
				</gmd:presentationForm>               
            </gmd:CI_Citation>
        </gmd:citation>
		<!--ELEMENTO 15: RESUMEN (MM)-->
        <gmd:abstract>
        	<gco:CharacterString>- Reemplazar por texto adecuado - Breve resumen descriptivo del contenido del Recurso</gco:CharacterString>
        </gmd:abstract>
		<!--ELEMENTO 16: PROPOSITO (MO)-->
        <gmd:purpose gco:nilReason="missing">
            <gco:CharacterString/>
        </gmd:purpose>
		<!--ELEMENTO 17: ESTADO (MO)-->
        <gmd:status>
        	<gmd:MD_ProgressCode codeListValue="onGoing"
                                 codeList="http://standards.iso.org/ittf/PubliclyAvailableStandards/ISO_19139_Schemas/resources/codelist/ML_gmxCodelists.xml#MD_ProgressCode"/>
        </gmd:status>		
        <gmd:pointOfContact>
			<gmd:CI_ResponsibleParty>
				<!--ELEMENTO 18: NOMBRE INDIVIDUAL (MMC)-->
				<gmd:individualName>
					<gco:CharacterString>Nombre de la persona responsable de los datos</gco:CharacterString>
				</gmd:individualName>
				<!--ELEMENTO 19: NOMBRE DE LA ORGANIZACION (MMM)-->
				<gmd:organisationName>
					<gco:CharacterString>Nombre de la Organización</gco:CharacterString>
				</gmd:organisationName>
				<!--ELEMENTO 20: DIRECCION DE CORREO ELECTRONICO (MMO)-->				
				 <gmd:contactInfo>
					<gmd:CI_Contact>
						<gmd:address>
							<gmd:CI_Address>
								<gmd:electronicMailAddress>
									<gco:CharacterString>responsable@institucion.gob.pe</gco:CharacterString>
								</gmd:electronicMailAddress>
							</gmd:CI_Address>
						</gmd:address>
					</gmd:CI_Contact>
				</gmd:contactInfo>				
                <!--ELEMENTO 21: ROL (MMM)-->
				<gmd:role>
					<gmd:CI_RoleCode codeListValue="originator"
                                   codeList="http://standards.iso.org/ittf/PubliclyAvailableStandards/ISO_19139_Schemas/resources/codelist/ML_gmxCodelists.xml#CI_RoleCode"/>
				</gmd:role>						               
            </gmd:CI_ResponsibleParty>
        </gmd:pointOfContact>	
		<!--INFORMACIÒN DE MANTENIMIENTO-->  		
		<gmd:resourceMaintenance>
			<gmd:MD_MaintenanceInformation>
				<!--ELEMENTO 46: FRECUENCIA DE MANTENIMIENTO Y ACTUALIZACION (CM)-->
				<gmd:maintenanceAndUpdateFrequency>
					<gmd:MD_MaintenanceFrequencyCode codeListValue="asNeeded"
						codeList="http://standards.iso.org/ittf/PubliclyAvailableStandards/ISO_19139_Schemas/resources/codelist/ML_gmxCodelists.xml#MD_MaintenanceFrequencyCode"/>
				</gmd:maintenanceAndUpdateFrequency>
				<!--ELEMENTO 47: FECHA DE LA PRÓXIMA ACTUALIZACIÓN (CO)-->
				<gmd:dateOfNextUpdate>
					<gco:Date>2001-01-01</gco:Date>								
				</gmd:dateOfNextUpdate>					
			</gmd:MD_MaintenanceInformation>
		</gmd:resourceMaintenance>	
        <gmd:graphicOverview>
            <gmd:MD_BrowseGraphic>
				<!--ELEMENTO 22: NOMBRE DEL FICHERO (MCM)-->
				<gmd:fileName gco:nilReason="missing">
					<gco:CharacterString/>
				</gmd:fileName>
				<!--ELEMENTO 23: DESCRIPCIÒN DEL FICHERO (MCO)-->
				<gmd:fileDescription>
					<gco:CharacterString>- Subir una miniatura - Descripción de la imagen miniatura o thumbnail que representa la información contenida en el metadato</gco:CharacterString>
				</gmd:fileDescription>
				<!--ELEMENTO 24: TIPO DE FICHERO (MMM)-->
				<gmd:fileType gco:nilReason="missing"> 
					<gco:CharacterString>- Dato generado automáticamente - Extensión de la imagen miniatura añadida</gco:CharacterString>
				</gmd:fileType>
            </gmd:MD_BrowseGraphic>
        </gmd:graphicOverview>	 
        <gmd:descriptiveKeywords>
			<gmd:MD_Keywords>
				<!--ELEMENTO 25: PALABRA CLAVE (MMM)-->
				<gmd:keyword>
					<gco:CharacterString/>
				</gmd:keyword>
				<!--ELEMENTO 26: TIPO (MMM)-->
				<gmd:type>					
					<gmd:MD_KeywordTypeCode codeListValue="" codeList="http://www.isotc211.org/2005/resources/Codelist/gmxCodelists.xml#MD_KeywordTypeCode"/>										
				</gmd:type>
            </gmd:MD_Keywords>
        </gmd:descriptiveKeywords>
		<!--INFORMACIÒN DE CONSTRICCIONES-->
		<gmd:resourceConstraints>
			<gmd:MD_LegalConstraints>
				<!--ELEMENTO 40: LIMITACION DE USO (CCM)-->
				<gmd:useLimitation gco:nilReason="missing"> 
					<gco:CharacterString>- Reemplazar por texto adecuado - Limitación que afecta el uso del recurso o metadato, ejemplo: "No utilizar para navegación"</gco:CharacterString>
				</gmd:useLimitation>
				<!--ELEMENTO 41: RESTRICCIONES DE ACCESO (CCM)-->		
				<gmd:accessConstraints>
					<gmd:MD_RestrictionCode codeListValue="otherRestrictions"
						codeList="http://standards.iso.org/ittf/PubliclyAvailableStandards/ISO_19139_Schemas/resources/codelist/ML_gmxCodelists.xml#MD_RestrictionCode"/>
				</gmd:accessConstraints>
				<!--ELEMENTO 42: RESTRICCIONES DE USO (CCM)-->
				<gmd:useConstraints>
					<gmd:MD_RestrictionCode codeListValue="otherRestrictions"
						codeList="http://standards.iso.org/ittf/PubliclyAvailableStandards/ISO_19139_Schemas/resources/codelist/ML_gmxCodelists.xml#MD_RestrictionCode"/>
				</gmd:useConstraints>
				<!--ELEMENTO 43: RESTRICCIONES DE OTRO TIPO (CCO)-->
				<gmd:otherConstraints gco:nilReason="missing">
					<gco:CharacterString>- Reemplazar por texto adecuado - Otras Limitaciones no contempladas</gco:CharacterString>
				</gmd:otherConstraints>
			</gmd:MD_LegalConstraints>		
		</gmd:resourceConstraints>	
		<!--ELEMENTO 27: TIPO DE REPRESENTACION ESPACIAL (MO)-->
		<gmd:spatialRepresentationType>						
			<gmd:MD_SpatialRepresentationTypeCode codeList="http://standards.iso.org/ittf/PubliclyAvailableStandards/ISO_19139_Schemas/resources/codelist/ML_gmxCodelists.xml#MD_SpatialRepresentationTypeCode" codeListValue="vector">string</gmd:MD_SpatialRepresentationTypeCode>
		</gmd:spatialRepresentationType>		
		<gmd:spatialResolution>
            <gmd:MD_Resolution>
				<gmd:equivalentScale>
					<gmd:MD_RepresentativeFraction>
						<!--ELEMENTO 28: DENOMINADOR (MCM)-->
						<gmd:denominator>
							<gco:Integer>1000000</gco:Integer> <!--No permite vacios-->							
						</gmd:denominator>
					</gmd:MD_RepresentativeFraction>
				</gmd:equivalentScale>
            </gmd:MD_Resolution>
        </gmd:spatialResolution>		
		<!--ELEMENTO 29: IDIOMA (MM)-->
		<gmd:language>
			<gmd:LanguageCode codeList="http://www.loc.gov/standards/iso639-2/" codeListValue="spa"/>
        </gmd:language>		
		<!--ELEMENTO 30: CATEGORIA DE TEMAS (MM)-->
        <gmd:topicCategory>
			<gmd:MD_TopicCategoryCode>location</gmd:MD_TopicCategoryCode> <!--No permite vacios-->
        </gmd:topicCategory>
		<!-- EXTENSIÓN -->
		<gmd:extent>		
			<gmd:EX_Extent>
				<gmd:geographicElement>
					<gmd:EX_GeographicBoundingBox>					
						<!--ELEMENTO 31: LIMITE DE LONGITUD OESTE (MCM)-->
						<gmd:westBoundLongitude>
							<gco:Decimal>-81.35515</gco:Decimal>
						</gmd:westBoundLongitude>
						<!--ELEMENTO 32: LIMITE DE LONGITUD ESTE (MCM)-->
						<gmd:eastBoundLongitude>
							<gco:Decimal>-68.6739</gco:Decimal>
						</gmd:eastBoundLongitude>
						<!--ELEMENTO 33: LIMITE DE LONGITUD SUR (MCM)-->
						<gmd:southBoundLatitude>
							<gco:Decimal>-18.34855</gco:Decimal>
						</gmd:southBoundLatitude>
						<!--ELEMENTO 34: LIMITE DE LONGITUD NORTE (MCM)-->
						<gmd:northBoundLatitude>
							<gco:Decimal>-0.03687</gco:Decimal>
						</gmd:northBoundLatitude>												
					</gmd:EX_GeographicBoundingBox>
				</gmd:geographicElement>
				<gmd:temporalElement>
					<gmd:EX_TemporalExtent>
						<!--ELEMENTO 35: EXTENSION (MCM)-->
						<gmd:extent>						
							<gml:TimePeriod gml:id="ID003">
								<gml:beginPosition/>
								<gml:endPosition/>								
							</gml:TimePeriod>							
						</gmd:extent>
					</gmd:EX_TemporalExtent>
				</gmd:temporalElement>      
				<gmd:verticalElement>
					<gmd:EX_VerticalExtent>
						<!--ELEMENTO 36: VALOR MINIMO (MCM)-->
						<gmd:minimumValue gco:nilReason=""> 
							<gco:Real>0</gco:Real>
						</gmd:minimumValue>										
						<!--ELEMENTO 37: VALOR MAXIMO (MCM)-->
						<gmd:maximumValue gco:nilReason=""> 
							<gco:Real>3000</gco:Real>
						</gmd:maximumValue>
						<!--ELEMENTO 38: UNIDADES DE MEDIDA (MCM)-->
						<!--NO EXISTE EN EL ESTÀNDAR-->					
						<!-- <gmd:unitOfMeasure></gmd:unitOfMeasure> -->		
						<gmd:verticalCRS/>		
						<!--<gmd:verticalCRS xlink:href="http://www.epsg-registry.org/export.htm?gml=urn:ogc:def:crs:EPSG::4326" xlink:title="geographic 2D" xlink:actuate="onRequest" />-->	   
					</gmd:EX_VerticalExtent>					
				</gmd:verticalElement>
			</gmd:EX_Extent>
		</gmd:extent>		
		
		<!--ELEMENTO 39: INFORMACION SUPLEMENTARIA (CCO)-->
        <gmd:supplementalInformation>
        	<gco:CharacterString>- Reemplazar por texto adecuado - Describir la información suplementaria (Puede ser información de unidades de medida)</gco:CharacterString>
        </gmd:supplementalInformation>
	</gmd:MD_DataIdentification>	
</gmd:identificationInfo>
	
	<!--INFORMACIÒN DE DISTRIBUCIÒN-->
	<gmd:distributionInfo>
		<gmd:MD_Distribution>
			<gmd:distributionFormat>
				<gmd:MD_Format>
					<!--ELEMENTO 56: NOMBRE DEL FORMATO DE DISTRIBUCIÓN (OOM)-->
					<gmd:name gco:nilReason="missing"> 
						<!-- Opcional - Nombre del formato de distribución, ejemplo: shp, wms, pdf, etc -->
						<gco:CharacterString/>
					</gmd:name>
					<!--ELEMENTO 57: VERSION DEL FORMATO DE DISTRIBUCIÓN (OOM)-->
					<gmd:version gco:nilReason="missing"> 
						<!-- Opcional - Versión del formato de distribución (fecha, número, etc), ejemplo: 10.3, 2018, etc -->
						<gco:CharacterString/>
					</gmd:version>
				</gmd:MD_Format>
			</gmd:distributionFormat>	  
			<gmd:transferOptions>
				<gmd:MD_DigitalTransferOptions>
					<gmd:onLine>																				
						<gmd:CI_OnlineResource>
							<!--ELEMENTO 58: ENLACE (OOM)-->
							<gmd:linkage>
								<gmd:URL>www.institucion.gob.pe</gmd:URL>
							</gmd:linkage>
							<!--ELEMENTO 59: PROTOCOLO (OOO)-->
							<gmd:protocol>
								<gco:CharacterString>WWW:LINK-1.0-http--link</gco:CharacterString>
							</gmd:protocol>
							<!--ELEMENTO 60: NOMBRE (OOO)-->
							<gmd:name>								
								<gco:CharacterString>- Reemplazar por texto adecuado - Nombre del recurso en línea</gco:CharacterString>
							</gmd:name>
							<!--ELEMENTO 61: DESCRIPCION (OOO)-->
							<gmd:description>								
								<gco:CharacterString>- Reemplazar por texto adecuado - Descripción del recurso en línea</gco:CharacterString>
							</gmd:description>
							<gmd:function>
								<gmd:CI_OnLineFunctionCode 
									codeList="http://www.ngdc.noaa.gov/metadata/published/xsd/schema/resources/Codelist/gmxCodelists.xml#CI_OnLineFunctionCode" 
									codeListValue="download">
									download
								</gmd:CI_OnLineFunctionCode>
							</gmd:function>
						</gmd:CI_OnlineResource>
					</gmd:onLine>
				</gmd:MD_DigitalTransferOptions>
			</gmd:transferOptions>
		</gmd:MD_Distribution>
	</gmd:distributionInfo> 

	<!--INFORMACIÒN DE CALIDAD DE LOS DATOS-->        
	<gmd:dataQualityInfo>
		<gmd:DQ_DataQuality>
			<gmd:scope>
				<gmd:DQ_Scope>
					<!--ELEMENTO 44: NIVEL (CMM)-->
					<gmd:level>
						<gmd:MD_ScopeCode codeListValue="dataset"
							codeList="http://standards.iso.org/ittf/PubliclyAvailableStandards/ISO_19139_Schemas/resources/codelist/ML_gmxCodelists.xml#MD_ScopeCode"/>
					</gmd:level>										
				</gmd:DQ_Scope>
			</gmd:scope>			
			<gmd:lineage>
				<gmd:LI_Lineage>
					<!--ELEMENTO 45: DECLARACION (CCM)-->
					<gmd:statement gco:nilReason="missing">
						<gco:CharacterString>- Opcional - Información sobre eventos o fuentes usados en la construcción de los datos</gco:CharacterString>
					</gmd:statement>
				</gmd:LI_Lineage>
			</gmd:lineage>
		</gmd:DQ_DataQuality>
	</gmd:dataQualityInfo>
</gmd:MD_Metadata>